--
-- PostgreSQL database dump
--

-- Dumped from database version 12.17 (Ubuntu 12.17-1.pgdg22.04+1)
-- Dumped by pg_dump version 12.17 (Ubuntu 12.17-1.pgdg22.04+1)

SET statement_timeout = 0;
SET lock_timeout = 0;
SET idle_in_transaction_session_timeout = 0;
SET client_encoding = 'UTF8';
SET standard_conforming_strings = on;
SELECT pg_catalog.set_config('search_path', '', false);
SET check_function_bodies = false;
SET xmloption = content;
SET client_min_messages = warning;
SET row_security = off;

DROP DATABASE universe;
--
-- Name: universe; Type: DATABASE; Schema: -; Owner: freecodecamp
--

CREATE DATABASE universe WITH TEMPLATE = template0 ENCODING = 'UTF8' LC_COLLATE = 'C.UTF-8' LC_CTYPE = 'C.UTF-8';


ALTER DATABASE universe OWNER TO freecodecamp;

\connect universe

SET statement_timeout = 0;
SET lock_timeout = 0;
SET idle_in_transaction_session_timeout = 0;
SET client_encoding = 'UTF8';
SET standard_conforming_strings = on;
SELECT pg_catalog.set_config('search_path', '', false);
SET check_function_bodies = false;
SET xmloption = content;
SET client_min_messages = warning;
SET row_security = off;

SET default_tablespace = '';

SET default_table_access_method = heap;

--
-- Name: galaxy; Type: TABLE; Schema: public; Owner: freecodecamp
--

CREATE TABLE public.galaxy (
    galaxy_id integer NOT NULL,
    name character varying(200) NOT NULL,
    age_in_millions_of_years integer,
    distance_from_earth integer,
    some_numeric numeric(3,0),
    description text,
    has_life boolean,
    is_spherical boolean
);


ALTER TABLE public.galaxy OWNER TO freecodecamp;

--
-- Name: galaxy_galaxy_id_seq; Type: SEQUENCE; Schema: public; Owner: freecodecamp
--

CREATE SEQUENCE public.galaxy_galaxy_id_seq
    AS integer
    START WITH 1
    INCREMENT BY 1
    NO MINVALUE
    NO MAXVALUE
    CACHE 1;


ALTER TABLE public.galaxy_galaxy_id_seq OWNER TO freecodecamp;

--
-- Name: galaxy_galaxy_id_seq; Type: SEQUENCE OWNED BY; Schema: public; Owner: freecodecamp
--

ALTER SEQUENCE public.galaxy_galaxy_id_seq OWNED BY public.galaxy.galaxy_id;


--
-- Name: galaxy_types; Type: TABLE; Schema: public; Owner: freecodecamp
--

CREATE TABLE public.galaxy_types (
    galaxy_types_id integer NOT NULL,
    name character varying(200) NOT NULL,
    description text
);


ALTER TABLE public.galaxy_types OWNER TO freecodecamp;

--
-- Name: galaxy_types_galaxy_types_id_seq; Type: SEQUENCE; Schema: public; Owner: freecodecamp
--

CREATE SEQUENCE public.galaxy_types_galaxy_types_id_seq
    AS integer
    START WITH 1
    INCREMENT BY 1
    NO MINVALUE
    NO MAXVALUE
    CACHE 1;


ALTER TABLE public.galaxy_types_galaxy_types_id_seq OWNER TO freecodecamp;

--
-- Name: galaxy_types_galaxy_types_id_seq; Type: SEQUENCE OWNED BY; Schema: public; Owner: freecodecamp
--

ALTER SEQUENCE public.galaxy_types_galaxy_types_id_seq OWNED BY public.galaxy_types.galaxy_types_id;


--
-- Name: moon; Type: TABLE; Schema: public; Owner: freecodecamp
--

CREATE TABLE public.moon (
    moon_id integer NOT NULL,
    name character varying(200) NOT NULL,
    age_in_millions_of_years integer,
    distance_from_earth integer,
    some_numeric numeric(3,0),
    description text,
    has_life boolean,
    is_spherical boolean,
    planet_id integer NOT NULL
);


ALTER TABLE public.moon OWNER TO freecodecamp;

--
-- Name: moon_moon_id_seq; Type: SEQUENCE; Schema: public; Owner: freecodecamp
--

CREATE SEQUENCE public.moon_moon_id_seq
    AS integer
    START WITH 1
    INCREMENT BY 1
    NO MINVALUE
    NO MAXVALUE
    CACHE 1;


ALTER TABLE public.moon_moon_id_seq OWNER TO freecodecamp;

--
-- Name: moon_moon_id_seq; Type: SEQUENCE OWNED BY; Schema: public; Owner: freecodecamp
--

ALTER SEQUENCE public.moon_moon_id_seq OWNED BY public.moon.moon_id;


--
-- Name: planet; Type: TABLE; Schema: public; Owner: freecodecamp
--

CREATE TABLE public.planet (
    planet_id integer NOT NULL,
    name character varying(200) NOT NULL,
    age_in_millions_of_years integer,
    distance_from_earth integer,
    some_numeric numeric(3,0),
    description text,
    has_life boolean,
    is_spherical boolean,
    star_id integer NOT NULL
);


ALTER TABLE public.planet OWNER TO freecodecamp;

--
-- Name: planet_planet_id_seq; Type: SEQUENCE; Schema: public; Owner: freecodecamp
--

CREATE SEQUENCE public.planet_planet_id_seq
    AS integer
    START WITH 1
    INCREMENT BY 1
    NO MINVALUE
    NO MAXVALUE
    CACHE 1;


ALTER TABLE public.planet_planet_id_seq OWNER TO freecodecamp;

--
-- Name: planet_planet_id_seq; Type: SEQUENCE OWNED BY; Schema: public; Owner: freecodecamp
--

ALTER SEQUENCE public.planet_planet_id_seq OWNED BY public.planet.planet_id;


--
-- Name: star; Type: TABLE; Schema: public; Owner: freecodecamp
--

CREATE TABLE public.star (
    star_id integer NOT NULL,
    name character varying(200) NOT NULL,
    age_in_millions_of_years integer,
    distance_from_earth integer,
    some_numeric numeric(3,0),
    description text,
    has_life boolean,
    is_spherical boolean,
    galaxy_id integer NOT NULL
);


ALTER TABLE public.star OWNER TO freecodecamp;

--
-- Name: star_star_id_seq; Type: SEQUENCE; Schema: public; Owner: freecodecamp
--

CREATE SEQUENCE public.star_star_id_seq
    AS integer
    START WITH 1
    INCREMENT BY 1
    NO MINVALUE
    NO MAXVALUE
    CACHE 1;


ALTER TABLE public.star_star_id_seq OWNER TO freecodecamp;

--
-- Name: star_star_id_seq; Type: SEQUENCE OWNED BY; Schema: public; Owner: freecodecamp
--

ALTER SEQUENCE public.star_star_id_seq OWNED BY public.star.star_id;


--
-- Name: galaxy galaxy_id; Type: DEFAULT; Schema: public; Owner: freecodecamp
--

ALTER TABLE ONLY public.galaxy ALTER COLUMN galaxy_id SET DEFAULT nextval('public.galaxy_galaxy_id_seq'::regclass);


--
-- Name: galaxy_types galaxy_types_id; Type: DEFAULT; Schema: public; Owner: freecodecamp
--

ALTER TABLE ONLY public.galaxy_types ALTER COLUMN galaxy_types_id SET DEFAULT nextval('public.galaxy_types_galaxy_types_id_seq'::regclass);


--
-- Name: moon moon_id; Type: DEFAULT; Schema: public; Owner: freecodecamp
--

ALTER TABLE ONLY public.moon ALTER COLUMN moon_id SET DEFAULT nextval('public.moon_moon_id_seq'::regclass);


--
-- Name: planet planet_id; Type: DEFAULT; Schema: public; Owner: freecodecamp
--

ALTER TABLE ONLY public.planet ALTER COLUMN planet_id SET DEFAULT nextval('public.planet_planet_id_seq'::regclass);


--
-- Name: star star_id; Type: DEFAULT; Schema: public; Owner: freecodecamp
--

ALTER TABLE ONLY public.star ALTER COLUMN star_id SET DEFAULT nextval('public.star_star_id_seq'::regclass);


--
-- Data for Name: galaxy; Type: TABLE DATA; Schema: public; Owner: freecodecamp
--

INSERT INTO public.galaxy VALUES (1, 'Milky Way', NULL, NULL, NULL, 'The Milky Way is the galaxy that includes the Solar System, with the name describing the galaxy''s appearance from Earth', NULL, NULL);
INSERT INTO public.galaxy VALUES (2, 'Orion', NULL, NULL, NULL, 'Orion galaxy', NULL, NULL);
INSERT INTO public.galaxy VALUES (3, 'Andromeda', NULL, NULL, NULL, 'Orion galaxy', NULL, NULL);
INSERT INTO public.galaxy VALUES (4, 'Gal4', NULL, NULL, NULL, 'Gal4', NULL, NULL);
INSERT INTO public.galaxy VALUES (5, 'Gal5', NULL, NULL, NULL, 'Gal5', NULL, NULL);
INSERT INTO public.galaxy VALUES (6, 'Gal6', NULL, NULL, NULL, 'Gal6', NULL, NULL);


--
-- Data for Name: galaxy_types; Type: TABLE DATA; Schema: public; Owner: freecodecamp
--

INSERT INTO public.galaxy_types VALUES (1, 'Spiral galaxy', NULL);
INSERT INTO public.galaxy_types VALUES (2, 'Round galaxy', NULL);
INSERT INTO public.galaxy_types VALUES (3, 'Square galaxy', NULL);


--
-- Data for Name: moon; Type: TABLE DATA; Schema: public; Owner: freecodecamp
--

INSERT INTO public.moon VALUES (1, 'Moon', NULL, NULL, NULL, NULL, NULL, NULL, 1);
INSERT INTO public.moon VALUES (2, 'Moon', NULL, NULL, NULL, NULL, NULL, NULL, 2);
INSERT INTO public.moon VALUES (3, 'Moon', NULL, NULL, NULL, NULL, NULL, NULL, 3);
INSERT INTO public.moon VALUES (4, 'Moon', NULL, NULL, NULL, NULL, NULL, NULL, 4);
INSERT INTO public.moon VALUES (5, 'Moon', NULL, NULL, NULL, NULL, NULL, NULL, 5);
INSERT INTO public.moon VALUES (6, 'Moon', NULL, NULL, NULL, NULL, NULL, NULL, 6);
INSERT INTO public.moon VALUES (7, 'Moon', NULL, NULL, NULL, NULL, NULL, NULL, 7);
INSERT INTO public.moon VALUES (8, 'Moon', NULL, NULL, NULL, NULL, NULL, NULL, 8);
INSERT INTO public.moon VALUES (9, 'Moon', NULL, NULL, NULL, NULL, NULL, NULL, 9);
INSERT INTO public.moon VALUES (10, 'Moon', NULL, NULL, NULL, NULL, NULL, NULL, 10);
INSERT INTO public.moon VALUES (11, 'Moon', NULL, NULL, NULL, NULL, NULL, NULL, 11);
INSERT INTO public.moon VALUES (12, 'Moon', NULL, NULL, NULL, NULL, NULL, NULL, 12);
INSERT INTO public.moon VALUES (13, 'Moon2', NULL, NULL, NULL, NULL, NULL, NULL, 1);
INSERT INTO public.moon VALUES (14, 'Moon2', NULL, NULL, NULL, NULL, NULL, NULL, 2);
INSERT INTO public.moon VALUES (15, 'Moon2', NULL, NULL, NULL, NULL, NULL, NULL, 3);
INSERT INTO public.moon VALUES (16, 'Moon2', NULL, NULL, NULL, NULL, NULL, NULL, 4);
INSERT INTO public.moon VALUES (17, 'Moon2', NULL, NULL, NULL, NULL, NULL, NULL, 5);
INSERT INTO public.moon VALUES (18, 'Moon2', NULL, NULL, NULL, NULL, NULL, NULL, 6);
INSERT INTO public.moon VALUES (19, 'Moon2', NULL, NULL, NULL, NULL, NULL, NULL, 7);
INSERT INTO public.moon VALUES (20, 'Moon2', NULL, NULL, NULL, NULL, NULL, NULL, 8);


--
-- Data for Name: planet; Type: TABLE DATA; Schema: public; Owner: freecodecamp
--

INSERT INTO public.planet VALUES (1, 'Earth', NULL, NULL, NULL, NULL, NULL, NULL, 1);
INSERT INTO public.planet VALUES (2, 'Earth', NULL, NULL, NULL, NULL, NULL, NULL, 2);
INSERT INTO public.planet VALUES (3, 'Earth', NULL, NULL, NULL, NULL, NULL, NULL, 3);
INSERT INTO public.planet VALUES (4, 'Earth', NULL, NULL, NULL, NULL, NULL, NULL, 4);
INSERT INTO public.planet VALUES (5, 'Earth', NULL, NULL, NULL, NULL, NULL, NULL, 5);
INSERT INTO public.planet VALUES (6, 'Earth', NULL, NULL, NULL, NULL, NULL, NULL, 6);
INSERT INTO public.planet VALUES (7, 'Earth2', NULL, NULL, NULL, NULL, NULL, NULL, 1);
INSERT INTO public.planet VALUES (8, 'Earth2', NULL, NULL, NULL, NULL, NULL, NULL, 2);
INSERT INTO public.planet VALUES (9, 'Earth2', NULL, NULL, NULL, NULL, NULL, NULL, 3);
INSERT INTO public.planet VALUES (10, 'Earth2', NULL, NULL, NULL, NULL, NULL, NULL, 4);
INSERT INTO public.planet VALUES (11, 'Earth2', NULL, NULL, NULL, NULL, NULL, NULL, 5);
INSERT INTO public.planet VALUES (12, 'Earth2', NULL, NULL, NULL, NULL, NULL, NULL, 6);


--
-- Data for Name: star; Type: TABLE DATA; Schema: public; Owner: freecodecamp
--

INSERT INTO public.star VALUES (1, 'Sun', NULL, NULL, NULL, NULL, NULL, NULL, 1);
INSERT INTO public.star VALUES (2, 'Sun', NULL, NULL, NULL, NULL, NULL, NULL, 2);
INSERT INTO public.star VALUES (3, 'Sun', NULL, NULL, NULL, NULL, NULL, NULL, 3);
INSERT INTO public.star VALUES (4, 'Sun', NULL, NULL, NULL, NULL, NULL, NULL, 4);
INSERT INTO public.star VALUES (5, 'Sun', NULL, NULL, NULL, NULL, NULL, NULL, 5);
INSERT INTO public.star VALUES (6, 'Sun', NULL, NULL, NULL, NULL, NULL, NULL, 6);


--
-- Name: galaxy_galaxy_id_seq; Type: SEQUENCE SET; Schema: public; Owner: freecodecamp
--

SELECT pg_catalog.setval('public.galaxy_galaxy_id_seq', 6, true);


--
-- Name: galaxy_types_galaxy_types_id_seq; Type: SEQUENCE SET; Schema: public; Owner: freecodecamp
--

SELECT pg_catalog.setval('public.galaxy_types_galaxy_types_id_seq', 3, true);


--
-- Name: moon_moon_id_seq; Type: SEQUENCE SET; Schema: public; Owner: freecodecamp
--

SELECT pg_catalog.setval('public.moon_moon_id_seq', 20, true);


--
-- Name: planet_planet_id_seq; Type: SEQUENCE SET; Schema: public; Owner: freecodecamp
--

SELECT pg_catalog.setval('public.planet_planet_id_seq', 12, true);


--
-- Name: star_star_id_seq; Type: SEQUENCE SET; Schema: public; Owner: freecodecamp
--

SELECT pg_catalog.setval('public.star_star_id_seq', 6, true);


--
-- Name: galaxy galaxy_galaxy_id_key; Type: CONSTRAINT; Schema: public; Owner: freecodecamp
--

ALTER TABLE ONLY public.galaxy
    ADD CONSTRAINT galaxy_galaxy_id_key UNIQUE (galaxy_id);


--
-- Name: galaxy galaxy_pkey; Type: CONSTRAINT; Schema: public; Owner: freecodecamp
--

ALTER TABLE ONLY public.galaxy
    ADD CONSTRAINT galaxy_pkey PRIMARY KEY (galaxy_id);


--
-- Name: galaxy_types galaxy_types_galaxy_types_id_key; Type: CONSTRAINT; Schema: public; Owner: freecodecamp
--

ALTER TABLE ONLY public.galaxy_types
    ADD CONSTRAINT galaxy_types_galaxy_types_id_key UNIQUE (galaxy_types_id);


--
-- Name: galaxy_types galaxy_types_pkey; Type: CONSTRAINT; Schema: public; Owner: freecodecamp
--

ALTER TABLE ONLY public.galaxy_types
    ADD CONSTRAINT galaxy_types_pkey PRIMARY KEY (galaxy_types_id);


--
-- Name: moon moon_moon_id_key; Type: CONSTRAINT; Schema: public; Owner: freecodecamp
--

ALTER TABLE ONLY public.moon
    ADD CONSTRAINT moon_moon_id_key UNIQUE (moon_id);


--
-- Name: moon moon_pkey; Type: CONSTRAINT; Schema: public; Owner: freecodecamp
--

ALTER TABLE ONLY public.moon
    ADD CONSTRAINT moon_pkey PRIMARY KEY (moon_id);


--
-- Name: planet planet_pkey; Type: CONSTRAINT; Schema: public; Owner: freecodecamp
--

ALTER TABLE ONLY public.planet
    ADD CONSTRAINT planet_pkey PRIMARY KEY (planet_id);


--
-- Name: planet planet_planet_id_key; Type: CONSTRAINT; Schema: public; Owner: freecodecamp
--

ALTER TABLE ONLY public.planet
    ADD CONSTRAINT planet_planet_id_key UNIQUE (planet_id);


--
-- Name: star star_pkey; Type: CONSTRAINT; Schema: public; Owner: freecodecamp
--

ALTER TABLE ONLY public.star
    ADD CONSTRAINT star_pkey PRIMARY KEY (star_id);


--
-- Name: star star_star_id_key; Type: CONSTRAINT; Schema: public; Owner: freecodecamp
--

ALTER TABLE ONLY public.star
    ADD CONSTRAINT star_star_id_key UNIQUE (star_id);


--
-- Name: moon moon_planet_id_fkey; Type: FK CONSTRAINT; Schema: public; Owner: freecodecamp
--

ALTER TABLE ONLY public.moon
    ADD CONSTRAINT moon_planet_id_fkey FOREIGN KEY (planet_id) REFERENCES public.planet(planet_id);


--
-- Name: planet planet_star_id_fkey; Type: FK CONSTRAINT; Schema: public; Owner: freecodecamp
--

ALTER TABLE ONLY public.planet
    ADD CONSTRAINT planet_star_id_fkey FOREIGN KEY (star_id) REFERENCES public.star(star_id);


--
-- Name: star star_galaxy_id_fkey; Type: FK CONSTRAINT; Schema: public; Owner: freecodecamp
--

ALTER TABLE ONLY public.star
    ADD CONSTRAINT star_galaxy_id_fkey FOREIGN KEY (galaxy_id) REFERENCES public.galaxy(galaxy_id);


--
-- PostgreSQL database dump complete
--

